<?xml version="1.0" encoding="iso-8859-1" standalone="yes"?>

<pattrstorage name = "my-pattr">
	<slot number = "1">
		<pattr name = "freq-bands" value = "0 0 64 60 55 53 50 49 47 45 43 42 40 39 38 38 109 106 105 104 102 101 101 100 99 98 97 96 95 94 94 93 92 91 90 90 89 89 88 88 87 87 86 86 85 85 84 84 83 83 82 82 81 81 80 80 79 79 78 78 77 77 76 76 75 75 74 73 73 72 72 71 70 70 69 69 68 67 67 66 65 64 64 63 62 62 61 60 60 59 58 57 57 56 55 55 54 54 53 53 53 43 41 40 38 37 36 35 33 32 31 30 29 28 27 26 25 24 23 22 21 20 19 18 17 15 13 0" />
		<pattr name = "gain" value = "86" />
		<pattr name = "go" value = "" />
		<pattr name = "par[1]" value = "42" />
		<pattr name = "par[2]" value = "65" />
		<pattr name = "par[3]" value = "27" />
		<pattr name = "par[4]" value = "76" />
		<pattr name = "par[5]" value = "86" />
		<pattr name = "par[6]" value = "82" />
		<patcher name = "my-sub-patch">
			<pattr name = "freq-bands" value = "90 89 87 86 85 84 83 82 81 80 80 79 78 77 76 75 74 48 48 48 48 48 48 48 48 48 48 48 48 48 48 48 48 48 48 48 48 48 48 48 48 48 48 49 49 49 49 49 50 50 51 51 52 52 53 53 54 54 55 55 56 56 57 57 58 59 59 60 61 61 62 63 63 64 64 65 66 66 67 68 68 69 70 71 72 73 73 74 75 76 77 78 79 80 81 81 82 83 84 85 86 87 88 89 90 91 92 93 94 95 96 97 98 98 99 100 100 101 102 103 103 104 105 105 106 107 107 82" />
			<pattr name = "gain" value = "10" />
			<pattr name = "go" value = "" />
			<pattr name = "par[1]" value = "19" />
			<pattr name = "par[2]" value = "23" />
			<pattr name = "par[3]" value = "53" />
			<pattr name = "par[4]" value = "69" />
			<pattr name = "par[5]" value = "82" />
			<pattr name = "par[6]" value = "27" />
			<patcher name = "my-sub-sub-patch">
				<pattr name = "freq-bands" value = "" />
				<pattr name = "gain" value = "" />
				<pattr name = "go" value = "" />
				<pattr name = "par[1]" value = "" />
				<pattr name = "par[2]" value = "" />
				<pattr name = "par[3]" value = "" />
				<pattr name = "par[4]" value = "" />
				<pattr name = "par[5]" value = "" />
				<pattr name = "par[6]" value = "" />
			</patcher>
		</patcher>
		<patcher name = "my-pattr-abs">
			<pattr name = "freq-bands" value = "11 13 14 16 18 19 21 22 24 26 27 29 29 30 30 116 116 116 116 117 117 117 117 117 116 116 116 116 115 115 115 115 114 114 114 114 113 113 112 112 111 111 110 110 109 109 108 107 107 106 106 105 105 104 103 103 102 102 101 101 100 100 99 99 98 98 97 97 96 96 95 95 94 94 93 93 92 92 91 91 90 90 89 89 88 87 87 86 86 85 84 84 83 83 82 81 81 80 80 79 78 78 77 77 76 75 75 74 74 73 73 72 72 71 71 70 69 69 68 67 66 66 65 64 63 63 62 43" />
			<pattr name = "gain" value = "" />
			<pattr name = "go" value = "" />
			<pattr name = "par[1]" value = "21" />
			<pattr name = "par[2]" value = "83" />
			<pattr name = "par[3]" value = "81" />
			<pattr name = "par[4]" value = "82" />
			<pattr name = "par[5]" value = "97" />
			<pattr name = "par[6]" value = "100" />
		</patcher>
		<patcher name = "my-bpatcher">
			<pattr name = "freq-bands" value = "" />
			<pattr name = "gain" value = "" />
			<pattr name = "go" value = "" />
			<pattr name = "par[1]" value = "" />
			<pattr name = "par[2]" value = "" />
			<pattr name = "par[3]" value = "" />
			<pattr name = "par[4]" value = "" />
			<pattr name = "par[5]" value = "" />
			<pattr name = "par[6]" value = "" />
		</patcher>
	</slot>
	<slot number = "2">
		<pattr name = "freq-bands" value = "" />
		<pattr name = "gain" value = "" />
		<pattr name = "go" value = "" />
		<pattr name = "par[1]" value = "" />
		<pattr name = "par[2]" value = "" />
		<pattr name = "par[3]" value = "" />
		<pattr name = "par[4]" value = "" />
		<pattr name = "par[5]" value = "" />
		<pattr name = "par[6]" value = "" />
		<patcher name = "my-sub-patch">
			<pattr name = "freq-bands" value = "90 89 87 86 85 84 83 82 81 80 80 79 78 77 76 75 74 73 73 72 71 70 69 68 68 67 66 65 64 64 63 62 62 61 60 59 59 58 57 57 56 55 55 54 53 52 52 51 50 50 49 49 48 48 47 47 47 46 46 46 46 45 45 45 45 45 45 45 45 45 45 45 45 45 45 45 45 45 45 45 45 45 45 45 45 45 45 45 45 45 45 45 45 45 45 45 45 45 45 45 45 45 45 45 45 45 45 45 45 45 45 45 45 45 45 45 45 45 45 45 45 45 45 44 44 44 43 34" />
			<pattr name = "gain" value = "72" />
			<pattr name = "go" value = "1" />
			<pattr name = "par[1]" value = "43" />
			<pattr name = "par[2]" value = "72" />
			<pattr name = "par[3]" value = "77" />
			<pattr name = "par[4]" value = "34" />
			<pattr name = "par[5]" value = "66" />
			<pattr name = "par[6]" value = "91" />
			<patcher name = "my-sub-sub-patch">
				<pattr name = "freq-bands" value = "0 0 0 0 0 0 0 0 0 0 0 0 0 0 0 0 0 0 0 0 0 0 0 0 0 0 0 0 0 0 0 0 0 0 0 0 0 0 0 0 0 0 0 0 0 0 0 0 0 0 0 0 0 0 0 0 0 0 0 0 0 0 0 0 0 0 0 0 0 0 0 0 0 0 0 0 0 0 0 0 0 0 0 0 0 0 0 0 0 0 0 0 0 0 0 0 0 0 0 0 0 0 0 0 0 0 0 0 0 0 0 0 0 0 0 0 0 0 0 0 0 0 0 0 0 0 0 0" />
				<pattr name = "gain" value = "0" />
				<pattr name = "go" value = "0" />
				<pattr name = "par[1]" value = "0" />
				<pattr name = "par[2]" value = "0" />
				<pattr name = "par[3]" value = "0" />
				<pattr name = "par[4]" value = "0" />
				<pattr name = "par[5]" value = "0" />
				<pattr name = "par[6]" value = "0" />
			</patcher>
		</patcher>
		<patcher name = "my-pattr-abs">
			<pattr name = "freq-bands" value = "11 13 14 16 18 19 21 22 24 26 27 29 29 30 30 30 31 31 31 32 32 33 33 33 34 34 34 35 35 35 36 36 36 37 37 37 38 38 38 39 39 40 40 40 41 41 41 42 42 42 43 43 43 44 44 44 45 45 45 46 46 47 47 47 48 48 48 49 49 49 50 50 50 50 51 51 51 51 52 52 52 52 53 53 53 53 53 54 54 54 54 55 55 55 55 56 56 56 56 56 57 57 57 57 58 58 58 58 59 59 59 59 60 60 60 60 60 61 61 61 61 62 62 62 62 63 63 19" />
			<pattr name = "gain" value = "38" />
			<pattr name = "go" value = "0" />
			<pattr name = "par[1]" value = "62" />
			<pattr name = "par[2]" value = "15" />
			<pattr name = "par[3]" value = "26" />
			<pattr name = "par[4]" value = "37" />
			<pattr name = "par[5]" value = "67" />
			<pattr name = "par[6]" value = "83" />
		</patcher>
		<patcher name = "my-bpatcher">
			<pattr name = "freq-bands" value = "111 111 110 109 108 107 106 105 104 103 102 101 99 98 96 95 93 92 91 89 88 86 85 84 82 81 79 78 76 75 73 72 70 43 45 46 47 47 48 49 50 51 51 52 53 54 55 56 57 58 58 59 60 61 62 63 63 64 65 66 66 67 68 69 69 70 71 72 72 73 74 75 76 76 77 78 79 79 80 81 82 82 83 84 85 86 86 87 88 89 90 90 91 92 93 94 94 95 96 97 98 98 99 100 101 102 102 103 104 105 105 106 107 108 109 109 110 111 112 113 113 114 115 116 117 117 118 127" />
			<pattr name = "gain" value = "33" />
			<pattr name = "go" value = "0" />
			<pattr name = "par[1]" value = "39" />
			<pattr name = "par[2]" value = "28" />
			<pattr name = "par[3]" value = "9" />
			<pattr name = "par[4]" value = "8" />
			<pattr name = "par[5]" value = "8" />
			<pattr name = "par[6]" value = "59" />
		</patcher>
	</slot>
	<slot number = "3">
		<pattr name = "freq-bands" value = "" />
		<pattr name = "gain" value = "" />
		<pattr name = "go" value = "" />
		<pattr name = "par[1]" value = "" />
		<pattr name = "par[2]" value = "" />
		<pattr name = "par[3]" value = "" />
		<pattr name = "par[4]" value = "" />
		<pattr name = "par[5]" value = "" />
		<pattr name = "par[6]" value = "" />
		<patcher name = "my-sub-patch">
			<pattr name = "freq-bands" value = "90 89 87 86 85 84 83 82 81 80 80 79 78 77 76 75 74 73 73 72 71 70 69 68 68 67 66 65 64 64 63 62 62 61 60 59 59 58 57 57 56 55 55 54 53 52 52 51 50 50 49 49 48 48 47 47 47 46 46 46 46 45 45 45 45 45 45 45 45 45 45 45 45 45 45 45 45 45 45 45 45 45 45 45 45 45 45 45 45 45 45 45 45 45 45 45 45 45 45 45 45 45 45 45 45 45 45 45 45 45 45 45 45 45 45 45 45 45 45 45 45 45 45 44 44 44 43 34" />
			<pattr name = "gain" value = "72" />
			<pattr name = "go" value = "1" />
			<pattr name = "par[1]" value = "43" />
			<pattr name = "par[2]" value = "72" />
			<pattr name = "par[3]" value = "77" />
			<pattr name = "par[4]" value = "34" />
			<pattr name = "par[5]" value = "66" />
			<pattr name = "par[6]" value = "91" />
			<patcher name = "my-sub-sub-patch">
				<pattr name = "freq-bands" value = "0 0 0 0 0 0 0 0 0 0 0 0 0 0 0 0 0 0 0 0 0 0 0 0 0 0 0 0 0 0 0 0 0 0 0 0 0 0 0 0 0 0 0 0 0 0 0 0 0 0 0 0 0 0 0 0 0 0 0 0 0 0 0 0 0 0 0 0 0 0 0 0 0 0 0 0 0 0 0 0 0 0 0 0 0 0 0 0 0 0 0 0 0 0 0 0 0 0 0 0 0 0 0 0 0 0 0 0 0 0 0 0 0 0 0 0 0 0 0 0 0 0 0 0 0 0 0 0" />
				<pattr name = "gain" value = "0" />
				<pattr name = "go" value = "0" />
				<pattr name = "par[1]" value = "0" />
				<pattr name = "par[2]" value = "0" />
				<pattr name = "par[3]" value = "0" />
				<pattr name = "par[4]" value = "0" />
				<pattr name = "par[5]" value = "0" />
				<pattr name = "par[6]" value = "0" />
			</patcher>
		</patcher>
		<patcher name = "my-pattr-abs">
			<pattr name = "freq-bands" value = "53 54 55 56 57 58 59 60 62 63 64 65 66 68 69 70 71 72 73 75 76 77 78 79 80 81 82 83 84 86 87 88 89 90 91 92 93 94 95 96 97 98 100 101 102 103 104 105 106 107 107 108 109 110 111 112 112 113 114 115 116 116 117 118 118 119 120 120 121 121 121 121 122 122 122 122 121 120 118 117 116 112 107 103 100 96 93 89 81 72 67 63 58 56 54 52 51 49 47 45 43 42 40 38 38 37 37 37 37 36 36 35 35 34 34 33 33 33 33 33 33 33 33 34 35 36 37 26" />
			<pattr name = "gain" value = "101" />
			<pattr name = "go" value = "1" />
			<pattr name = "par[1]" value = "109" />
			<pattr name = "par[2]" value = "55" />
			<pattr name = "par[3]" value = "88" />
			<pattr name = "par[4]" value = "92" />
			<pattr name = "par[5]" value = "94" />
			<pattr name = "par[6]" value = "53" />
		</patcher>
		<patcher name = "my-bpatcher">
			<pattr name = "freq-bands" value = "111 111 110 109 108 107 106 105 104 103 102 101 99 98 96 95 93 92 91 89 88 86 85 84 82 81 79 78 76 75 73 72 70 69 67 65 64 62 61 59 58 56 55 53 52 50 48 46 45 43 41 39 38 36 34 32 31 29 27 25 24 22 20 18 16 14 12 10 8 7 5 4 3 1 0 0 0 0 0 0 0 0 0 0 0 0 0 0 0 0 0 0 0 0 0 0 0 0 0 0 0 0 0 0 0 0 0 0 0 0 0 0 0 0 0 0 0 0 0 0 0 0 0 0 0 0 1 32" />
			<pattr name = "gain" value = "81" />
			<pattr name = "go" value = "1" />
			<pattr name = "par[1]" value = "80" />
			<pattr name = "par[2]" value = "80" />
			<pattr name = "par[3]" value = "97" />
			<pattr name = "par[4]" value = "116" />
			<pattr name = "par[5]" value = "118" />
			<pattr name = "par[6]" value = "59" />
		</patcher>
	</slot>
</pattrstorage>

